{"cameraMode":{"drawMode":0,"name":"Shaded","section":"Shading Mode"},"sceneLighting":true,"audioPlay":false,"sceneViewState":{"showFog":true,"showMaterialUpdate":false,"showSkybox":true,"showFlares":true,"showImageEffects":true,"showParticleSystems":true},"in2DMode":false,"pivot":{"x":114.0,"y":6.061038494110107,"z":-39.97962951660156},"rotation":{"x":-0.26635050773620608,"y":0.026596158742904664,"z":-0.0073525262996554379,"w":-0.9634836316108704},"size":19.16351318359375,"orthographic":false}