{"cameraMode":{"drawMode":0,"name":"Shaded","section":"Shading Mode"},"sceneLighting":true,"audioPlay":false,"sceneViewState":{"showFog":false,"showMaterialUpdate":false,"showSkybox":false,"showFlares":false,"showImageEffects":false,"showParticleSystems":false},"in2DMode":false,"pivot":{"x":142.39642333984376,"y":-3.16595458984375,"z":8.720834732055664},"rotation":{"x":0.4662829637527466,"y":-0.5298364162445068,"z":0.45495903491973879,"w":0.5430278778076172},"size":146.81884765625,"orthographic":false}