{"cameraMode":{"drawMode":0,"name":"Shaded","section":"Shading Mode"},"sceneLighting":true,"audioPlay":false,"sceneViewState":{"showFog":true,"showMaterialUpdate":false,"showSkybox":true,"showFlares":true,"showImageEffects":true,"showParticleSystems":true},"in2DMode":false,"pivot":{"x":0.06841006875038147,"y":0.05189359188079834,"z":0.08247160911560059},"rotation":{"x":-0.22706592082977296,"y":-0.034469831734895709,"z":0.008042015135288239,"w":-0.973238468170166},"size":0.571577250957489,"orthographic":false}