{"cameraMode":{"drawMode":0,"name":"Shaded","section":"Shading Mode"},"sceneLighting":true,"audioPlay":false,"sceneViewState":{"showFog":true,"showMaterialUpdate":false,"showSkybox":true,"showFlares":true,"showImageEffects":true,"showParticleSystems":true},"in2DMode":false,"pivot":{"x":537.1322021484375,"y":196.91827392578126,"z":121.4306640625},"rotation":{"x":-0.049476951360702518,"y":0.022168263792991639,"z":-0.001098457956686616,"w":-0.9985308647155762},"size":673.0176391601563,"orthographic":false}