{"cameraMode":{"drawMode":0,"name":"Shaded","section":"Shading Mode"},"sceneLighting":true,"audioPlay":false,"sceneViewState":{"showFog":false,"showMaterialUpdate":false,"showSkybox":false,"showFlares":false,"showImageEffects":false,"showParticleSystems":false},"in2DMode":false,"pivot":{"x":133.17117309570313,"y":7.519223690032959,"z":-37.4786491394043},"rotation":{"x":0.42784881591796877,"y":-0.03713500127196312,"z":0.017596563324332238,"w":0.9029216766357422},"size":30.245534896850587,"orthographic":false}