{"cameraMode":{"drawMode":0,"name":"Shaded","section":"Shading Mode"},"sceneLighting":true,"audioPlay":false,"sceneViewState":{"showFog":false,"showMaterialUpdate":false,"showSkybox":false,"showFlares":false,"showImageEffects":false,"showParticleSystems":false},"in2DMode":false,"pivot":{"x":339.72003173828127,"y":130.6000213623047,"z":-36.31390380859375},"rotation":{"x":0.18347656726837159,"y":0.05452212691307068,"z":-0.010192533023655415,"w":0.9814579486846924},"size":508.5088806152344,"orthographic":false}