{"cameraMode":{"drawMode":0,"name":"Shaded","section":"Shading Mode"},"sceneLighting":true,"audioPlay":false,"sceneViewState":{"showFog":true,"showMaterialUpdate":false,"showSkybox":true,"showFlares":true,"showImageEffects":true,"showParticleSystems":true},"in2DMode":false,"pivot":{"x":116.60882568359375,"y":-9.811405181884766,"z":-30.4941349029541},"rotation":{"x":-0.7138814330101013,"y":-0.0006227547419257462,"z":0.0006339364335872233,"w":-0.7002872228622437},"size":92.5639877319336,"orthographic":false}