{"cameraMode":{"drawMode":0,"name":"Shaded","section":"Shading Mode"},"sceneLighting":true,"audioPlay":false,"sceneViewState":{"showFog":false,"showMaterialUpdate":false,"showSkybox":false,"showFlares":false,"showImageEffects":false,"showParticleSystems":false},"in2DMode":false,"pivot":{"x":-38.25434494018555,"y":-210.48658752441407,"z":-338.4334411621094},"rotation":{"x":-0.01904115453362465,"y":-0.9743008017539978,"z":0.2055254727602005,"w":-0.09027138352394104},"size":1034.0430908203125,"orthographic":false}