{"cameraMode":{"drawMode":0,"name":"Shaded","section":"Shading Mode"},"sceneLighting":true,"audioPlay":false,"sceneViewState":{"showFog":false,"showMaterialUpdate":false,"showSkybox":false,"showFlares":false,"showImageEffects":false,"showParticleSystems":false},"in2DMode":false,"pivot":{"x":-14.602893829345704,"y":-984.0181884765625,"z":570.35498046875},"rotation":{"x":-0.509773313999176,"y":0.14237068593502046,"z":-0.08598404377698899,"w":-0.8440815806388855},"size":1624.84619140625,"orthographic":false}