{"cameraMode":{"drawMode":0,"name":"Shaded","section":"Shading Mode"},"sceneLighting":false,"audioPlay":false,"sceneViewState":{"showFog":true,"showMaterialUpdate":false,"showSkybox":false,"showFlares":true,"showImageEffects":true,"showParticleSystems":true},"in2DMode":false,"pivot":{"x":57.83163070678711,"y":-4.341848373413086,"z":-4.280392169952393},"rotation":{"x":0.2559112012386322,"y":-0.6661315560340881,"z":0.2624453604221344,"w":0.6495449542999268},"size":31.81369400024414,"orthographic":false}