{"cameraMode":{"drawMode":0,"name":"Shaded","section":"Shading Mode"},"sceneLighting":true,"audioPlay":false,"sceneViewState":{"showFog":true,"showMaterialUpdate":false,"showSkybox":true,"showFlares":true,"showImageEffects":true,"showParticleSystems":true},"in2DMode":false,"pivot":{"x":114.0,"y":6.061038494110107,"z":-39.97962951660156},"rotation":{"x":-0.12178263813257218,"y":0.8765422105789185,"z":-0.29907217621803286,"w":-0.35692933201789858},"size":24.955881118774415,"orthographic":false}