{"cameraMode":{"drawMode":0,"name":"Shaded","section":"Shading Mode"},"sceneLighting":false,"audioPlay":false,"sceneViewState":{"showFog":true,"showMaterialUpdate":false,"showSkybox":false,"showFlares":true,"showImageEffects":true,"showParticleSystems":true},"in2DMode":false,"pivot":{"x":54.143680572509769,"y":3.9900245666503908,"z":-2.698099136352539},"rotation":{"x":-0.30790337920188906,"y":0.05390474572777748,"z":-0.017476145178079606,"w":-0.9497292041778565},"size":16.087812423706056,"orthographic":false}