{"cameraMode":{"drawMode":0,"name":"Shaded","section":"Shading Mode"},"sceneLighting":true,"audioPlay":false,"sceneViewState":{"showFog":true,"showMaterialUpdate":false,"showSkybox":true,"showFlares":true,"showImageEffects":true,"showParticleSystems":true},"in2DMode":false,"pivot":{"x":434.2789306640625,"y":135.14186096191407,"z":27.615205764770509},"rotation":{"x":-0.12445247173309326,"y":0.02291545271873474,"z":-0.0028751117642968895,"w":-0.9919572472572327},"size":876.7821044921875,"orthographic":false}