{"cameraMode":{"drawMode":0,"name":"Shaded","section":"Shading Mode"},"sceneLighting":false,"audioPlay":false,"sceneViewState":{"showFog":true,"showMaterialUpdate":false,"showSkybox":false,"showFlares":true,"showImageEffects":true,"showParticleSystems":true},"in2DMode":false,"pivot":{"x":53.593238830566409,"y":7.822624206542969,"z":0.9333596229553223},"rotation":{"x":-0.08202820271253586,"y":0.815144419670105,"z":-0.1192045584321022,"w":-0.5609053373336792},"size":19.33213996887207,"orthographic":false}