{"cameraMode":{"drawMode":0,"name":"Shaded","section":"Shading Mode"},"sceneLighting":true,"audioPlay":false,"sceneViewState":{"showFog":false,"showMaterialUpdate":false,"showSkybox":false,"showFlares":false,"showImageEffects":false,"showParticleSystems":false},"in2DMode":false,"pivot":{"x":2.021955728530884,"y":-0.07956589013338089,"z":1.5106842517852784},"rotation":{"x":0.4782031178474426,"y":-0.003964974079281092,"z":0.0021376817021518947,"w":0.8782474398612976},"size":36.92171096801758,"orthographic":false}