{"cameraMode":{"drawMode":0,"name":"Shaded","section":"Shading Mode"},"sceneLighting":false,"audioPlay":false,"sceneViewState":{"showFog":true,"showMaterialUpdate":false,"showSkybox":false,"showFlares":true,"showImageEffects":true,"showParticleSystems":true},"in2DMode":false,"pivot":{"x":20.23999786376953,"y":1.0,"z":9.100000381469727},"rotation":{"x":0.439292848110199,"y":0.0013439820613712073,"z":-0.0006569558172486723,"w":0.898346483707428},"size":47.801597595214847,"orthographic":false}