{"cameraMode":{"drawMode":0,"name":"Shaded","section":"Shading Mode"},"sceneLighting":true,"audioPlay":false,"sceneViewState":{"showFog":true,"showMaterialUpdate":false,"showSkybox":true,"showFlares":true,"showImageEffects":true,"showParticleSystems":true},"in2DMode":false,"pivot":{"x":113.72635650634766,"y":1.8094691038131714,"z":-39.67011260986328},"rotation":{"x":-0.26635050773620608,"y":0.026596158742904664,"z":-0.0073525262996554379,"w":-0.9634836316108704},"size":33.75190734863281,"orthographic":false}