{"cameraMode":{"drawMode":0,"name":"Shaded","section":"Shading Mode"},"sceneLighting":true,"audioPlay":false,"sceneViewState":{"showFog":false,"showMaterialUpdate":false,"showSkybox":false,"showFlares":false,"showImageEffects":false,"showParticleSystems":false},"in2DMode":false,"pivot":{"x":1178.5059814453125,"y":-223.56997680664063,"z":3.096900463104248},"rotation":{"x":-0.1627357453107834,"y":0.6937417984008789,"z":-0.16559194028377534,"w":-0.6817757487297058},"size":549.5374755859375,"orthographic":false}