{"cameraMode":{"drawMode":0,"name":"Shaded","section":"Shading Mode"},"sceneLighting":false,"audioPlay":false,"sceneViewState":{"showFog":true,"showMaterialUpdate":false,"showSkybox":false,"showFlares":true,"showImageEffects":true,"showParticleSystems":true},"in2DMode":false,"pivot":{"x":3.914062976837158,"y":6.183848857879639,"z":-9.188837051391602},"rotation":{"x":0.33215704560279848,"y":0.04609469324350357,"z":-0.016253206878900529,"w":0.9419615268707275},"size":3.1137917041778566,"orthographic":false}