{"cameraMode":{"drawMode":0,"name":"Shaded","section":"Shading Mode"},"sceneLighting":true,"audioPlay":false,"sceneViewState":{"showFog":false,"showMaterialUpdate":false,"showSkybox":false,"showFlares":false,"showImageEffects":false,"showParticleSystems":false},"in2DMode":false,"pivot":{"x":112.33300018310547,"y":5.970431804656982,"z":-41.10108184814453},"rotation":{"x":0.42784881591796877,"y":-0.03713500127196312,"z":0.017596563324332238,"w":0.9029216766357422},"size":16.960824966430665,"orthographic":false}