{"cameraMode":{"drawMode":0,"name":"Shaded","section":"Shading Mode"},"sceneLighting":true,"audioPlay":false,"sceneViewState":{"showFog":false,"showMaterialUpdate":false,"showSkybox":false,"showFlares":false,"showImageEffects":false,"showParticleSystems":false},"in2DMode":false,"pivot":{"x":47.4604377746582,"y":-305.0953674316406,"z":321.9797668457031},"rotation":{"x":-0.34336528182029726,"y":0.06248392537236214,"z":-0.02290119230747223,"w":-0.936842143535614},"size":594.8924560546875,"orthographic":false}