{"cameraMode":{"drawMode":0,"name":"Shaded","section":"Shading Mode"},"sceneLighting":true,"audioPlay":false,"sceneViewState":{"showFog":true,"showMaterialUpdate":false,"showSkybox":true,"showFlares":true,"showImageEffects":true,"showParticleSystems":true},"in2DMode":false,"pivot":{"x":426.2965393066406,"y":39.39391326904297,"z":84.41056823730469},"rotation":{"x":0.2567710280418396,"y":-0.030441880226135255,"z":0.008092796429991722,"w":0.965964138507843},"size":728.2353515625,"orthographic":false}