{"cameraMode":{"drawMode":0,"name":"Shaded","section":"Shading Mode"},"sceneLighting":false,"audioPlay":false,"sceneViewState":{"showFog":false,"showMaterialUpdate":false,"showSkybox":false,"showFlares":false,"showImageEffects":false,"showParticleSystems":false},"in2DMode":false,"pivot":{"x":-115.08372497558594,"y":-88.89801025390625,"z":5.0267181396484379},"rotation":{"x":0.15379559993743897,"y":0.11091004312038422,"z":-0.017376191914081575,"w":0.9817072153091431},"size":22.0,"orthographic":true}