{"cameraMode":{"drawMode":0,"name":"Shaded","section":"Shading Mode"},"sceneLighting":false,"audioPlay":false,"sceneViewState":{"showFog":true,"showMaterialUpdate":false,"showSkybox":false,"showFlares":true,"showImageEffects":true,"showParticleSystems":true},"in2DMode":false,"pivot":{"x":38.03154373168945,"y":5.284992218017578,"z":0.2699246406555176},"rotation":{"x":0.37593036890029909,"y":0.04167451336979866,"z":-0.016926931217312814,"w":0.9255594611167908},"size":10.377737045288086,"orthographic":false}