{"cameraMode":{"drawMode":0,"name":"Shaded","section":"Shading Mode"},"sceneLighting":false,"audioPlay":false,"sceneViewState":{"showFog":false,"showMaterialUpdate":false,"showSkybox":false,"showFlares":false,"showImageEffects":false,"showParticleSystems":false},"in2DMode":false,"pivot":{"x":4.099999904632568,"y":-32.48667526245117,"z":5.406300067901611},"rotation":{"x":-0.29013150930404665,"y":0.6921278238296509,"z":-0.5516128540039063,"w":-0.3640342950820923},"size":8.295302391052246,"orthographic":false}