{"cameraMode":{"drawMode":0,"name":"Shaded","section":"Shading Mode"},"sceneLighting":false,"audioPlay":false,"sceneViewState":{"showFog":true,"showMaterialUpdate":false,"showSkybox":false,"showFlares":true,"showImageEffects":true,"showParticleSystems":true},"in2DMode":false,"pivot":{"x":20.23999786376953,"y":1.0,"z":9.100000381469727},"rotation":{"x":0.4324951767921448,"y":-0.01352742314338684,"z":0.006489763036370277,"w":0.9015163779258728},"size":59.67877197265625,"orthographic":false}