{"cameraMode":{"drawMode":0,"name":"Shaded","section":"Shading Mode"},"sceneLighting":true,"audioPlay":false,"sceneViewState":{"showFog":true,"showMaterialUpdate":false,"showSkybox":true,"showFlares":true,"showImageEffects":true,"showParticleSystems":true},"in2DMode":false,"pivot":{"x":-0.6658997535705566,"y":-1.0008788108825684,"z":-0.24438190460205079},"rotation":{"x":-0.17518144845962525,"y":0.15057161450386048,"z":-0.027120977640151979,"w":-0.9725803136825562},"size":10.844338417053223,"orthographic":false}