{"cameraMode":{"drawMode":0,"name":"Shaded","section":"Shading Mode"},"sceneLighting":false,"audioPlay":false,"sceneViewState":{"showFog":true,"showMaterialUpdate":false,"showSkybox":false,"showFlares":true,"showImageEffects":true,"showParticleSystems":true},"in2DMode":false,"pivot":{"x":54.978492736816409,"y":8.600000381469727,"z":-4.235516548156738},"rotation":{"x":-0.08202820271253586,"y":0.815144419670105,"z":-0.1192045584321022,"w":-0.5609053373336792},"size":7.145263195037842,"orthographic":false}