{"cameraMode":{"drawMode":0,"name":"Shaded","section":"Shading Mode"},"sceneLighting":true,"audioPlay":false,"sceneViewState":{"showFog":true,"showMaterialUpdate":false,"showSkybox":true,"showFlares":true,"showImageEffects":true,"showParticleSystems":true},"in2DMode":false,"pivot":{"x":117.4289779663086,"y":-10.05453872680664,"z":-11.434982299804688},"rotation":{"x":-0.22920483350753785,"y":-0.019858168438076974,"z":0.004677062388509512,"w":-0.973164439201355},"size":54.64963912963867,"orthographic":false}