{"cameraMode":{"drawMode":0,"name":"Shaded","section":"Shading Mode"},"sceneLighting":true,"audioPlay":false,"sceneViewState":{"showFog":false,"showMaterialUpdate":false,"showSkybox":false,"showFlares":false,"showImageEffects":false,"showParticleSystems":false},"in2DMode":false,"pivot":{"x":40.668548583984378,"y":-305.9838562011719,"z":320.31060791015627},"rotation":{"x":-0.34336528182029726,"y":0.06248392537236214,"z":-0.02290119230747223,"w":-0.936842143535614},"size":668.9195556640625,"orthographic":false}