{"cameraMode":{"drawMode":0,"name":"Shaded","section":"Shading Mode"},"sceneLighting":true,"audioPlay":false,"sceneViewState":{"showFog":true,"showMaterialUpdate":false,"showSkybox":true,"showFlares":true,"showImageEffects":true,"showParticleSystems":true},"in2DMode":false,"pivot":{"x":0.01458122581243515,"y":0.011071443557739258,"z":-7.450580596923828e-9},"rotation":{"x":-0.6421318650245667,"y":0.07822006195783615,"z":-0.06611347943544388,"w":-0.759726345539093},"size":0.28579798340797427,"orthographic":false}