{"cameraMode":{"drawMode":0,"name":"Shaded","section":"Shading Mode"},"sceneLighting":true,"audioPlay":false,"sceneViewState":{"showFog":false,"showMaterialUpdate":false,"showSkybox":false,"showFlares":false,"showImageEffects":false,"showParticleSystems":false},"in2DMode":false,"pivot":{"x":108.67198181152344,"y":-33.035430908203128,"z":-6.383086204528809},"rotation":{"x":-0.29013150930404665,"y":0.6921278238296509,"z":-0.5516128540039063,"w":-0.3640342950820923},"size":63.468788146972659,"orthographic":false}