{"cameraMode":{"drawMode":0,"name":"Shaded","section":"Shading Mode"},"sceneLighting":false,"audioPlay":false,"sceneViewState":{"showFog":false,"showMaterialUpdate":false,"showSkybox":false,"showFlares":false,"showImageEffects":false,"showParticleSystems":false},"in2DMode":false,"pivot":{"x":4.173439025878906,"y":-34.92388153076172,"z":86.90624237060547},"rotation":{"x":-0.6467294692993164,"y":0.0267520509660244,"z":-0.022707663476467134,"w":-0.7619131207466126},"size":406.8915710449219,"orthographic":false}