{"cameraMode":{"drawMode":0,"name":"Shaded","section":"Shading Mode"},"sceneLighting":true,"audioPlay":false,"sceneViewState":{"showFog":false,"showMaterialUpdate":false,"showSkybox":false,"showFlares":false,"showImageEffects":false,"showParticleSystems":false},"in2DMode":false,"pivot":{"x":113.8265609741211,"y":4.036763668060303,"z":0.00004988908767700195},"rotation":{"x":-0.29013150930404665,"y":0.6921278238296509,"z":-0.5516128540039063,"w":-0.3640342950820923},"size":88.02918243408203,"orthographic":false}