{"cameraMode":{"drawMode":0,"name":"Shaded","section":"Shading Mode"},"sceneLighting":true,"audioPlay":false,"sceneViewState":{"showFog":false,"showMaterialUpdate":false,"showSkybox":false,"showFlares":false,"showImageEffects":false,"showParticleSystems":false},"in2DMode":false,"pivot":{"x":1064.0672607421875,"y":-156.2959747314453,"z":-2420.3466796875},"rotation":{"x":-0.18361099064350129,"y":0.7196921110153198,"z":-0.20758159458637238,"w":-0.6365851759910584},"size":2901.79150390625,"orthographic":false}