{"cameraMode":{"drawMode":0,"name":"Shaded","section":"Shading Mode"},"sceneLighting":false,"audioPlay":false,"sceneViewState":{"showFog":true,"showMaterialUpdate":false,"showSkybox":false,"showFlares":true,"showImageEffects":true,"showParticleSystems":true},"in2DMode":false,"pivot":{"x":-14.354320526123047,"y":36.85194778442383,"z":1.6839003562927247},"rotation":{"x":0.15112163126468659,"y":-0.22963623702526093,"z":0.036118682473897937,"w":0.9607985019683838},"size":346.1849060058594,"orthographic":false}