{"cameraMode":{"drawMode":0,"name":"Shaded","section":"Shading Mode"},"sceneLighting":true,"audioPlay":false,"sceneViewState":{"showFog":false,"showMaterialUpdate":false,"showSkybox":false,"showFlares":false,"showImageEffects":false,"showParticleSystems":false},"in2DMode":false,"pivot":{"x":160.7071075439453,"y":26.62347412109375,"z":34.616798400878909},"rotation":{"x":0.3348000645637512,"y":-0.5657917857170105,"z":0.2691389322280884,"w":0.7038220763206482},"size":69.19513702392578,"orthographic":false}