{"cameraMode":{"drawMode":0,"name":"Shaded","section":"Shading Mode"},"sceneLighting":true,"audioPlay":false,"sceneViewState":{"showFog":false,"showMaterialUpdate":false,"showSkybox":false,"showFlares":false,"showImageEffects":false,"showParticleSystems":false},"in2DMode":false,"pivot":{"x":41.194881439208987,"y":-16.178237915039064,"z":11.231403350830079},"rotation":{"x":0.4986639618873596,"y":-0.08733903616666794,"z":0.05058985576033592,"w":0.86090487241745},"size":822.669921875,"orthographic":false}