{"cameraMode":{"drawMode":0,"name":"Shaded","section":"Shading Mode"},"sceneLighting":true,"audioPlay":false,"sceneViewState":{"showFog":true,"showMaterialUpdate":false,"showSkybox":true,"showFlares":true,"showImageEffects":true,"showParticleSystems":true},"in2DMode":false,"pivot":{"x":114.57179260253906,"y":120.07665252685547,"z":-12.7437744140625},"rotation":{"x":-0.018908487632870675,"y":-0.010486599057912827,"z":0.00019789305224549025,"w":-0.9997764229774475},"size":751.6539306640625,"orthographic":false}