{"cameraMode":{"drawMode":0,"name":"Shaded","section":"Shading Mode"},"sceneLighting":true,"audioPlay":false,"sceneViewState":{"showFog":false,"showMaterialUpdate":false,"showSkybox":false,"showFlares":false,"showImageEffects":false,"showParticleSystems":false},"in2DMode":false,"pivot":{"x":113.84923553466797,"y":-24.224958419799806,"z":-29.20703887939453},"rotation":{"x":-0.39111074805259707,"y":0.043320927768945697,"z":-0.0184338316321373,"w":-0.9191389083862305},"size":121.97521209716797,"orthographic":false}