{"cameraMode":{"drawMode":0,"name":"Shaded","section":"Shading Mode"},"sceneLighting":true,"audioPlay":false,"sceneViewState":{"showFog":false,"showMaterialUpdate":false,"showSkybox":false,"showFlares":false,"showImageEffects":false,"showParticleSystems":false},"in2DMode":false,"pivot":{"x":114.1239013671875,"y":15.786886215209961,"z":-49.11275863647461},"rotation":{"x":-0.23764251172542573,"y":-0.023603931069374086,"z":0.005776618607342243,"w":-0.9710527658462524},"size":10.454595565795899,"orthographic":false}