{"cameraMode":{"drawMode":0,"name":"Shaded","section":"Shading Mode"},"sceneLighting":false,"audioPlay":false,"sceneViewState":{"showFog":false,"showMaterialUpdate":false,"showSkybox":false,"showFlares":false,"showImageEffects":false,"showParticleSystems":false},"in2DMode":false,"pivot":{"x":0.9113006591796875,"y":-32.83391571044922,"z":1.335181713104248},"rotation":{"x":-0.42878830432891848,"y":0.5332911014556885,"z":-0.36086204648017886,"w":-0.6336671710014343},"size":109.3164291381836,"orthographic":false}