{"cameraMode":{"drawMode":0,"name":"Shaded","section":"Shading Mode"},"sceneLighting":false,"audioPlay":false,"sceneViewState":{"showFog":true,"showMaterialUpdate":false,"showSkybox":false,"showFlares":true,"showImageEffects":true,"showParticleSystems":true},"in2DMode":false,"pivot":{"x":0.4961221218109131,"y":0.7167434692382813,"z":-0.13689804077148438},"rotation":{"x":0.4962025284767151,"y":-0.10548842698335648,"z":0.060892339795827869,"w":0.8596256971359253},"size":27.456172943115236,"orthographic":false}