{"cameraMode":{"drawMode":0,"name":"Shaded","section":"Shading Mode"},"sceneLighting":true,"audioPlay":false,"sceneViewState":{"showFog":true,"showMaterialUpdate":false,"showSkybox":true,"showFlares":true,"showImageEffects":true,"showParticleSystems":true},"in2DMode":false,"pivot":{"x":128.99639892578126,"y":102.95974731445313,"z":-14.240355491638184},"rotation":{"x":-0.6150020360946655,"y":0.007105897180736065,"z":-0.005541766528040171,"w":-0.7884892821311951},"size":141.47372436523438,"orthographic":false}