{"cameraMode":{"drawMode":0,"name":"Shaded","section":"Shading Mode"},"sceneLighting":true,"audioPlay":false,"sceneViewState":{"showFog":false,"showMaterialUpdate":false,"showSkybox":false,"showFlares":false,"showImageEffects":false,"showParticleSystems":false},"in2DMode":false,"pivot":{"x":145.56396484375,"y":54.87907409667969,"z":-47.16457748413086},"rotation":{"x":-0.22566033899784089,"y":0.07502208650112152,"z":-0.01743275672197342,"w":-0.9711592793464661},"size":267.753173828125,"orthographic":false}