{"cameraMode":{"drawMode":0,"name":"Shaded","section":"Shading Mode"},"sceneLighting":true,"audioPlay":false,"sceneViewState":{"showFog":false,"showMaterialUpdate":false,"showSkybox":false,"showFlares":false,"showImageEffects":false,"showParticleSystems":false},"in2DMode":false,"pivot":{"x":2.682267665863037,"y":-6.05730676651001,"z":1.3870863914489747},"rotation":{"x":0.3800347149372101,"y":0.02718423120677471,"z":-0.011174706742167473,"w":0.9245114326477051},"size":28.863210678100587,"orthographic":false}