{"cameraMode":{"drawMode":0,"name":"Shaded","section":"Shading Mode"},"sceneLighting":true,"audioPlay":false,"sceneViewState":{"showFog":false,"showMaterialUpdate":false,"showSkybox":false,"showFlares":false,"showImageEffects":false,"showParticleSystems":false},"in2DMode":false,"pivot":{"x":114.26492309570313,"y":17.340576171875,"z":-48.286582946777347},"rotation":{"x":0.15112163126468659,"y":-0.22963623702526093,"z":0.036118682473897937,"w":0.9607985019683838},"size":0.9922001361846924,"orthographic":false}